{"product_name": "Waldo Bamboo Tacky", "created_date": "2021-01-22 00:59:03.000Z", "avg_rating": 2, "content": "wow", "ratings": [0, 4, 1, 2, 0, 4, 2, 3, 5, 5, 0, 4, 2, 0, 3, 0, 0, 4, 3, 4, 5, 4, 3, 3, 2, 1, 0, 4, 3, 4, 5, 3, 2, 4, 5, 5, 0, 3, 3, 3, 3, 5, 4, 5, 1], "user_name": "popcorn420", "votes": 45}
{"product_name": "Waldo Bamboo Tacky", "created_date": "2020-03-16 14:44:45.000Z", "avg_rating": 2, "content": "I recommend", "ratings": [4, 1, 4, 4, 0, 2, 2, 1, 0, 2, 0, 5, 1, 2, 1, 3, 4, 1, 5, 2, 3, 3, 5, 1, 2, 2, 1, 5, 0, 3, 0, 2, 1, 2, 4, 4, 2, 4, 5, 2, 0, 4, 0, 1, 5, 4, 2, 4, 5, 4, 2, 5, 4, 2, 3, 2, 1], "user_name": "not_your_name", "votes": 57}
{"product_name": "Waldo Bamboo Tacky", "created_date": "2018-03-21 15:42:47.000Z", "avg_rating": 2, "content": "Very good", "ratings": [4, 4, 4, 2, 0, 3, 2, 1, 4, 1, 5, 1, 0], "user_name": "super_user", "votes": 13}
{"product_name": "Extra-Long - linki zapasowe - Kendama", "created_date": "2021-10-05 09:32:52.000Z", "avg_rating": 2, "content": "Total crazy", "ratings": [0, 4, 3, 0, 4, 0, 3, 1, 5, 4, 3, 2, 2, 1, 1, 2, 3, 5, 4, 0], "user_name": "crazymovies", "votes": 20}
{"product_name": "Extra-Long - linki zapasowe - Kendama", "created_date": "2021-09-19 13:56:02.000Z", "avg_rating": 2, "content": "Craaaaaap", "ratings": [1, 2, 2, 0, 2, 5, 3, 0, 2, 0, 5, 4, 0, 4, 5, 0, 0, 3, 5, 2, 2, 1, 1, 5, 3, 1, 0, 5, 5, 4, 1, 0, 1, 0, 4, 5, 3, 1], "user_name": "The_Rock", "votes": 38}
{"product_name": "Krom Pop", "created_date": "2020-09-10 09:54:21.000Z", "avg_rating": 2, "content": "amazing", "ratings": [0, 1, 5, 0, 1, 3, 2, 1, 2, 1, 3, 0, 4, 5, 4, 4, 0, 2, 5, 3, 5, 2, 5, 2], "user_name": "super_user", "votes": 24}
{"product_name": "Krom Pop", "created_date": "2018-01-24 13:30:44.000Z", "avg_rating": 3, "content": "Very good", "ratings": [3, 5, 0, 5, 5, 2, 5, 3, 2, 5, 2, 3, 4, 4, 3, 0, 4, 4, 5, 2, 0, 3, 3, 3, 0, 5, 2, 5, 1, 5, 3, 3, 1, 5, 2, 2, 3, 5, 3, 4, 1], "user_name": "myname", "votes": 41}
{"product_name": "KENDAMA ISRAEL BIG BROTHER MAPLE OS", "created_date": "2021-05-22 18:51:03.000Z", "avg_rating": 2, "content": "I love it", "ratings": [3, 2, 3, 4, 4, 2, 1, 0, 2, 2, 0, 4, 2, 4, 1, 3, 4, 2, 4, 4, 4, 1, 4, 4, 3, 1, 3, 3, 4, 3, 4, 5, 2, 3, 0, 4, 5, 1, 3, 0, 1, 1, 1, 3, 0, 5, 1, 3, 3, 4, 5, 1, 2, 5, 2, 1, 0, 5, 1, 1, 5, 5, 0, 0], "user_name": "Hanswurst", "votes": 64}
{"product_name": "Elite Thunderbolt Beech Tacky - MAPLE KEN", "created_date": "2019-10-15 17:27:17.000Z", "avg_rating": 2, "content": "Superb", "ratings": [2, 0, 4, 1, 3, 3, 2], "user_name": "super_user", "votes": 7}
{"product_name": "TEXTILE - SPACE KENDAMA NOWOŚĆ", "created_date": "2018-10-13 17:55:49.000Z", "avg_rating": 2, "content": "I recommend", "ratings": [5, 1, 2, 1, 5, 3, 2, 4, 1, 0, 3, 4, 2, 3, 3, 5, 5, 5, 5, 2, 3, 1, 5, 3, 3, 4, 5, 0, 3, 4, 3, 2, 1, 1, 1, 1, 4, 1, 4, 1, 1, 2, 1, 5, 4, 3, 5, 3, 0, 2, 0, 1, 0, 0, 5, 3, 4, 3], "user_name": "film_star", "votes": 58}
{"product_name": "BIG BROTHER BAMBOO", "created_date": "2021-08-20 03:29:30.000Z", "avg_rating": 3, "content": "Total crap", "ratings": [5, 4, 1, 0, 0, 4, 5, 5, 2, 5, 4, 2, 0, 5, 0, 1, 5, 5, 5], "user_name": "crazymovies", "votes": 19}
{"product_name": "BIG BROTHER BAMBOO", "created_date": "2019-09-13 03:14:37.000Z", "avg_rating": 2, "content": "Impossible !!!", "ratings": [0, 1, 5, 5, 5, 2, 1, 0, 1, 1, 4, 5, 0, 2, 0, 0, 3, 4, 5, 5, 1, 4, 1, 5, 4, 0, 4, 5, 1, 5, 3, 2, 5, 1, 1, 5, 1, 2, 2, 2, 1, 1, 5, 0, 2, 1, 2, 1, 4, 5, 1, 0, 1, 5], "user_name": "crazymovies", "votes": 54}
