{"user_name": "bestactor", "created_date": "2019-03-16 00:47:27.000Z", "email": "bestactor@gmail.com"}
{"user_name": "myname", "created_date": "2020-01-24 03:16:27.000Z", "email": "myname@gmail.com"}
{"user_name": "film_star", "created_date": "2021-12-12 11:01:03.000Z", "email": "film_star@gmail.com"}
{"user_name": "justwatchin", "created_date": "2018-01-05 20:05:12.000Z", "email": "justwatchin@gmail.com"}
{"user_name": "super_user", "created_date": "2020-09-07 02:05:17.000Z", "email": "super_user@gmail.com"}
{"user_name": "crazymovies", "created_date": "2019-02-27 11:31:08.000Z", "email": "crazymovies@gmail.com"}
{"user_name": "Hanswurst", "created_date": "2018-02-26 18:45:18.000Z", "email": "Hanswurst@gmail.com"}
{"user_name": "The_Rock", "created_date": "2019-12-24 16:42:46.000Z", "email": "The_Rock@gmail.com"}
{"user_name": "pop_vii", "created_date": "2022-10-13 05:15:49.000Z", "email": "pop_vii@gmail.com"}
{"user_name": "whats_poppin", "created_date": "2018-06-13 19:00:39.000Z", "email": "whats_poppin@gmail.com"}
{"user_name": "not_your_name", "created_date": "2019-08-02 04:10:44.000Z", "email": "not_your_name@gmail.com"}
{"user_name": "popcorn420", "created_date": "2021-01-04 00:34:59.000Z", "email": "popcorn420@gmail.com"}
