{"user_name": "bestactor", "purchased_date": "2022-11-13 06:55:52.000Z", "products": {"product_name0": "TEXTILE - SPACE KENDAMA NOWOŚĆ"}, "status": "FINISHED", "total": 224.0}
{"user_name": "bestactor", "purchased_date": "2020-03-05 09:12:30.000Z", "products": {"product_name0": "BIG BROTHER BAMBOO", "product_name1": "Premium String 5-packs - linki zapasowe - Kendama"}, "status": "FINISHED", "total": 366.0}
{"user_name": "myname", "purchased_date": "2022-08-21 07:42:07.000Z", "products": {"product_name0": "BIG BROTHER BAMBOO", "product_name1": "BIG BROTHER BAMBOO", "product_name2": "Sea Safari Model - BOOST - CUSHION CLEAR- KENDAMA", "product_name3": "Krom Pop", "product_name4": "Extra-Long - linki zapasowe - Kendama"}, "status": "REFUND_REQUEST", "total": 960.0}
{"user_name": "myname", "purchased_date": "2018-09-27 10:03:19.000Z", "products": {"product_name0": "Elite Thunderbolt Beech Tacky - MAPLE KEN", "product_name1": "V27 - GREAT SCOTT CUSHION CLEAR !!!"}, "status": "REFUND_REQUEST", "total": 364.0}
{"user_name": "myname", "purchased_date": "2018-01-06 18:44:07.000Z", "products": {"product_name0": "V27 - CLEVER GIRL"}, "status": "REFUND_REQUEST", "total": 189.0}
{"user_name": "justwatchin", "purchased_date": "2022-03-10 11:46:38.000Z", "products": {"product_name0": "Elite Thunderbolt Beech Tacky - MAPLE KEN", "product_name1": "TEXTILE - SPACE KENDAMA NOWOŚĆ", "product_name2": "V27 - GREAT SCOTT CUSHION CLEAR !!!", "product_name3": "BIG BROTHER BAMBOO"}, "status": "AWAITING_PAYMENT", "total": 759.0}
{"user_name": "justwatchin", "purchased_date": "2021-10-07 23:40:36.000Z", "products": {"product_name0": "LOTUS KENDAMA SACRED!"}, "status": "FINISHED", "total": 164.0}
{"user_name": "justwatchin", "purchased_date": "2021-09-24 22:16:31.000Z", "products": {"product_name0": "Sea Safari Model - BOOST - CUSHION CLEAR- KENDAMA", "product_name1": "V27 - CLEVER GIRL", "product_name2": "V27 - GREAT SCOTT CUSHION CLEAR !!!"}, "status": "FINISHED", "total": 648.0}
{"user_name": "Hanswurst", "purchased_date": "2022-08-26 01:42:21.000Z", "products": {"product_name0": "KENDAMA ISRAEL BIG BROTHER MAPLE OS", "product_name1": "V27 - CLEVER GIRL"}, "status": "AWAITING_PAYMENT", "total": 431.0}
{"user_name": "The_Rock", "purchased_date": "2020-02-09 08:00:08.000Z", "products": {"product_name0": "KENDAMA ISRAEL BIG BROTHER MAPLE OS", "product_name1": "Extra-Long - linki zapasowe - Kendama", "product_name2": "TEXTILE - SPACE KENDAMA NOWOŚĆ", "product_name3": "Krom Pop"}, "status": "REFUND_REQUEST", "total": 859.0}
{"user_name": "pop_vii", "purchased_date": "2018-07-07 15:26:52.000Z", "products": {"product_name0": "Sea Safari Model - BOOST - CUSHION CLEAR- KENDAMA", "product_name1": "Krom Pop", "product_name2": "Premium String 5-packs - linki zapasowe - Kendama", "product_name3": "LOTUS KENDAMA SACRED!", "product_name4": "V27 - GREAT SCOTT CUSHION CLEAR !!!", "product_name5": "LOTUS KENDAMA SACRED!"}, "status": "FINISHED", "total": 1159.0}
{"user_name": "popcorn420", "purchased_date": "2020-07-21 07:20:10.000Z", "products": {"product_name0": "Waldo Bamboo Tacky", "product_name1": "Waldo Bamboo Tacky", "product_name2": "Sea Safari Model - BOOST - CUSHION CLEAR- KENDAMA", "product_name3": "Waldo Bamboo Tacky", "product_name4": "LOTUS KENDAMA SACRED!", "product_name5": "Elite Thunderbolt Beech Tacky - MAPLE KEN"}, "status": "AWAITING_PAYMENT", "total": 1065.0}
