{"product_name": "Waldo Bamboo Tacky", "release_date": "2019-10-06 16:16:45.000Z", "color": "BLUE", "description": "Best in Portugal", "price": 182, "producer": "SWEETS LAB"}
{"product_name": "V27 - GREAT SCOTT CUSHION CLEAR !!!", "release_date": "2022-09-17 10:13:09.000Z", "color": "GREEN", "description": "Adhesion paint - matte (CUSHION CLEAR ) - Blue giraffe pattern -Bottom 30% makes it easier to track the dial", "price": 234, "producer": "SixFingerStrings"}
{"product_name": "Premium String 5-packs - linki zapasowe - Kendama", "release_date": "2020-05-06 16:23:01.000Z", "color": "GREEN", "description": "Reed Stark Signature engraved on the spike", "price": 195, "producer": "SixFingerStrings"}
{"product_name": "Extra-Long - linki zapasowe - Kendama", "release_date": "2019-08-24 20:40:09.000Z", "color": "MILKY", "description": "Unbelievablde weight / comfort / grip", "price": 216, "producer": "ACTIVE KENDAMA"}
{"product_name": "Sea Safari Model - BOOST - CUSHION CLEAR- KENDAMA", "release_date": "2019-07-25 21:40:47.000Z", "color": "BLACK", "description": "Hollywood pure", "price": 225, "producer": "SWEETS LAB"}
{"product_name": "Krom Pop", "release_date": "2019-12-18 09:27:30.000Z", "color": "PURPLE", "description": "kendama connects worlds, and Reed Stark has been a leader in facilitating that connection for years.", "price": 177, "producer": "SWEETS LAB"}
{"product_name": "KENDAMA ISRAEL BIG BROTHER MAPLE OS", "release_date": "2022-08-26 14:26:24.000Z", "color": "WHITE", "description": "Adhesion paint - matte (CUSHION CLEAR ) - Blue giraffe pattern -Bottom 30% makes it easier to track the dial", "price": 242, "producer": "YEPPA"}
{"product_name": "LOTUS KENDAMA SACRED!", "release_date": "2019-09-23 11:59:40.000Z", "color": "MILKY", "description": "We have scoured the submissions from our 2018 Design a Prime contest and picked up some new favorites! In 2018, we hand-painted every dam, so our options were limited, but now we can do almost ANY project.", "price": 164, "producer": "SixFingerStrings"}
{"product_name": "Elite Thunderbolt Beech Tacky - MAPLE KEN", "release_date": "2018-05-11 09:55:09.000Z", "color": "DARK GREEN", "description": "kendama connects worlds, and Reed Stark has been a leader in facilitating that connection for years.", "price": 130, "producer": "KENDAMA ISRAEL"}
{"product_name": "V27 - CLEVER GIRL", "release_date": "2021-08-27 23:22:03.000Z", "color": "RED", "description": "Engraved giraffe design on cup stands -Big Ball (BOOST Beech Tama)", "price": 189, "producer": "SWEETS LAB"}
{"product_name": "TEXTILE - SPACE KENDAMA NOWOŚĆ", "release_date": "2021-11-21 22:55:20.000Z", "color": "BLACK", "description": "Light and strong", "price": 224, "producer": "YEPPA"}
{"product_name": "BIG BROTHER BAMBOO", "release_date": "2021-11-11 05:10:19.000Z", "color": "WHITE", "description": "Engraved giraffe design on cup stands -Big Ball (BOOST Beech Tama)", "price": 171, "producer": "SWEETS LAB"}
