{"name": "Once upon a time in Hollywood", "created_date": "2022-07-10 02:38:31.000Z", "avg_rating": 2, "description": "James Cameron was the regisseur", "followers": ["Master123", "whats_poppin"], "ratings": [2, 2, 3, 1, 0, 0, 0, 2, 2, 2, 4, 0, 0, 5, 3, 4, 4, 4, 1, 0, 0, 2, 2, 5, 5, 5, 5, 5, 5, 2, 5, 5, 1, 4, 0, 3, 5, 5, 2, 1, 0, 5, 0, 4, 5, 4, 1, 4, 2, 0, 5, 0, 1], "tags": ["covid", "raccon", "singing"], "user_name": "i_like_trains", "votes": 53}
{"name": "Super movie 420", "created_date": "2019-03-19 14:42:44.000Z", "avg_rating": 2, "description": "most expensive film of all the time", "followers": ["The_Rock", "Yoda", "bestactor", "chikita", "justwatchin"], "ratings": [4, 3, 2, 3, 4, 0, 4, 3, 5, 4, 4, 4, 5, 4, 3, 3, 1, 3, 3, 4, 5, 4, 4, 1, 4, 1, 1, 5, 0, 0, 5, 2, 3, 1, 1, 2, 2, 1, 1, 2, 3, 1, 3, 2, 4, 4, 4, 5, 3, 4, 0, 2, 5, 5, 2, 3, 2, 0], "tags": ["Barcelona", "singing"], "user_name": "Hanswurst", "votes": 58}
{"name": "Mr. Robot", "created_date": "2019-09-23 15:17:52.000Z", "avg_rating": 2, "description": "James Cameron was the regisseur", "followers": ["Dumbledore", "Master123", "chupa_chups", "myname", "pop_vii", "super_user", "whats_poppin"], "ratings": [3, 5, 0, 1, 1, 4, 4, 4, 0, 3, 3, 1, 4, 4, 3, 4, 0, 4, 4, 1, 2, 5, 1, 0, 0, 0, 0, 2, 5, 1, 3, 1, 2, 3, 4, 3, 4, 4, 2, 4, 3, 1, 4, 5, 4, 2, 2, 4, 5, 3], "tags": ["70s", "Lyon", "dancing", "funny", "sport"], "user_name": "Yoda", "votes": 50}
{"name": "2012", "created_date": "2020-12-14 13:24:15.000Z", "avg_rating": 2, "description": "most expensive film of all the time", "followers": ["myname", "popcorn420"], "ratings": [2, 5, 0, 0, 1, 0, 1, 2, 4, 5, 4, 4, 1, 0, 0, 3, 0, 4, 4, 4, 4, 1, 2, 2, 3, 3, 4, 5, 3, 1], "tags": ["2000", "50s", "80s", "Aveiro", "covid"], "user_name": "Snape", "votes": 30}
{"name": "Avatar", "created_date": "2021-09-17 13:02:16.000Z", "avg_rating": 2, "description": "The top ten actors in one very bad movie", "followers": ["earth_planet", "pop_vii"], "ratings": [3, 1, 0, 0, 1, 0, 5, 3, 0, 3, 1, 1, 2, 5, 1, 5, 5, 0, 0, 4, 1, 1, 2, 2, 3, 4, 0, 4, 4, 0, 2, 0, 5, 3, 0, 5, 4, 4, 3, 5, 4, 5, 4, 4, 3, 3, 4, 1, 3, 2, 4, 2, 4, 0], "tags": ["30s", "50s", "cat"], "user_name": "Jedi", "votes": 54}
{"name": "Yesterday", "created_date": "2022-12-15 22:37:59.000Z", "avg_rating": 2, "description": "The best actors in one film", "followers": ["Jedi", "Yoda", "crazymovies", "magus", "sevelantis", "snickers"], "ratings": [1, 2, 2, 3, 3, 5, 1, 4, 4, 1, 5, 3, 4, 2, 5, 5, 2, 0, 5, 2, 1, 4, 2, 3, 1, 4], "tags": ["cat", "software engineering"], "user_name": "chupa_chups", "votes": 26}
{"name": "Saw", "created_date": "2021-07-18 03:25:37.000Z", "avg_rating": 2, "description": "Unbelievable sience fiction movie", "followers": ["Hanswurst", "The_Rock", "Yoda", "chikita", "chupa_chups", "film_star"], "ratings": [0, 2, 0, 2, 3, 2, 1, 0, 0, 1, 0, 2, 2, 3, 3, 3, 3, 5, 1, 5, 4, 2, 5, 2, 3, 4, 0, 3, 0, 0, 5, 3, 5, 0, 3, 5, 5, 1, 2, 5, 5, 1, 0, 2, 3, 0, 4, 1, 2, 3, 1, 0, 0, 3, 4, 1, 2], "tags": ["80s", "Hamburg", "funny", "software engineering"], "user_name": "sevelantis", "votes": 57}
{"name": "Friends", "created_date": "2022-12-24 06:27:38.000Z", "avg_rating": 2, "description": "The top ten actors in one very bad movie", "followers": ["Snape", "myname", "sevelantis", "whats_poppin"], "ratings": [5, 2, 1, 3, 4, 5, 2, 5, 1, 4, 2, 4, 3, 2, 3, 5, 5, 4, 2, 2, 0, 4, 4, 2, 5, 2, 2, 3, 0, 5, 2, 1, 2, 1, 0, 1, 2, 3, 0, 3, 5, 4, 1, 2, 2, 4, 1, 4, 4, 5, 3, 3, 0, 0], "tags": ["50s", "Barcelona", "Rome"], "user_name": "i_like_trains", "votes": 54}
{"name": "Interstellar", "created_date": "2019-09-12 12:13:21.000Z", "avg_rating": 2, "description": "worth an oscar", "followers": ["bestactor", "popcorn420"], "ratings": [3, 5, 5, 1, 3, 0, 4, 0, 2], "tags": ["2000", "70s", "Barcelona", "Rome", "raccon"], "user_name": "Snape", "votes": 9}
{"name": "Harry Potter and the ordem of the phoenix", "created_date": "2020-03-13 13:51:16.000Z", "avg_rating": 3, "description": "bettern than the book", "followers": ["Hanswurst", "Snape", "crazymovies", "earth_planet", "hackerz123", "snickers", "super_user"], "ratings": [4, 4, 4, 0, 4, 5], "tags": ["2022", "40s", "50s", "covid"], "user_name": "myname", "votes": 6}
{"name": "Matrix", "created_date": "2020-12-27 17:49:28.000Z", "avg_rating": 2, "description": "The best actors in one film", "followers": ["Sith66", "crazymovies"], "ratings": [3, 4, 3, 1, 5, 1, 5, 1, 4, 5, 0, 5, 2, 4, 2, 3, 5, 0, 1, 5, 3, 1, 4, 1, 5, 5, 4, 5, 3, 0, 3, 2, 0, 2, 4, 1, 3, 5, 3, 2, 5, 3, 4, 4, 2, 1, 4, 2, 1, 1, 3, 2, 5, 1, 4, 2, 3, 0, 3, 0], "tags": ["2000", "Gibraltar", "Hamburg", "London"], "user_name": "film_star", "votes": 60}
{"name": "Stranger Things", "created_date": "2019-06-04 18:06:21.000Z", "avg_rating": 2, "description": "bettern than the book", "followers": ["pop_vii", "whats_poppin"], "ratings": [2, 3, 4, 1, 4, 2, 3, 1, 0, 5, 3, 5, 4, 5, 2, 3], "tags": ["London", "Rome", "cat"], "user_name": "hackerz123", "votes": 16}
{"name": "Grand Budapest Hotel", "created_date": "2022-01-02 07:46:53.000Z", "avg_rating": 2, "description": "Hollywood pure", "followers": ["Dumbledore", "Hanswurst"], "ratings": [1, 3, 1, 0, 5, 1, 4, 1, 5, 5, 1, 5, 5, 1, 2, 4, 1, 5, 0, 0, 1, 2, 3, 4, 3, 2, 3], "tags": ["30s", "Aveiro", "Berlin", "raccon"], "user_name": "powerrade", "votes": 27}
{"name": "The Crown", "created_date": "2022-02-08 12:13:25.000Z", "avg_rating": 2, "description": "James Cameron was the regisseur", "followers": ["Jedi", "magus"], "ratings": [5, 1, 0, 3, 3], "tags": ["90s", "Hamburg", "Lyon", "singing", "software engineering"], "user_name": "film_star", "votes": 5}
{"name": "Jack Ass", "created_date": "2018-07-03 15:10:13.000Z", "avg_rating": 2, "description": "latest film techniques", "followers": ["chikita", "chupa_chups", "late_or_never", "pop_vii", "snickers", "whats_poppin"], "ratings": [5, 2, 3, 0, 0, 4, 5, 0, 5, 2, 1, 2, 5, 5, 1, 0, 0, 1, 2, 0, 5, 1, 2, 1, 1, 4, 0, 2, 0, 3, 0, 3, 4, 0, 5, 1, 3, 0, 5, 1, 4, 0, 0, 0], "tags": ["30s", "raccon"], "user_name": "earth_planet", "votes": 44}
{"name": "stunning movie", "created_date": "2018-05-02 02:05:59.000Z", "avg_rating": 2, "description": "The best actors in one film", "followers": ["chupa_chups", "sevelantis", "super_user"], "ratings": [0, 4, 4, 5, 3, 4, 0, 3, 0, 0, 1, 3, 2, 3, 0, 4, 0, 1, 2, 2, 1, 2, 1, 1, 0, 4, 3, 1, 5, 0, 2, 1, 4, 1, 5, 3, 3, 1, 0, 2, 4, 5, 1, 0, 1, 2, 5, 5, 0, 2, 0, 4, 2, 0], "tags": ["50s", "Madrid", "covid", "dancing", "singing"], "user_name": "Yoda", "votes": 54}
{"name": "House of cards", "created_date": "2021-01-23 18:09:28.000Z", "avg_rating": 2, "description": "The best actors in one film", "followers": ["chocolatee", "earth_planet", "myname"], "ratings": [0, 2, 5, 3, 0, 4, 1, 0, 1, 4, 4, 4, 1, 0, 5, 2, 0, 5, 2, 1, 3, 1, 4, 5, 0, 2, 2], "tags": ["50s", "Barcelona", "Madrid", "dancing"], "user_name": "Yoda", "votes": 27}
{"name": "Money Heist", "created_date": "2022-12-02 07:24:33.000Z", "avg_rating": 3, "description": "best fantasie film", "followers": ["Snape", "The_Rock", "Yoda", "magus", "pop_vii", "programmer99"], "ratings": [3, 4, 0, 5, 3, 3, 2, 5, 2, 4, 5, 5, 5], "tags": ["Lisboa", "covid", "hardware", "singing", "software engineering"], "user_name": "programmer99", "votes": 13}
{"name": "Baywatch", "created_date": "2019-06-19 09:51:50.000Z", "avg_rating": 2, "description": "Mother with child with cancer", "followers": ["chupa_chups", "magus"], "ratings": [1, 1, 1, 3, 4, 4, 4, 2, 1, 5, 2, 5, 1, 1, 2, 2, 1, 3, 2, 1, 1, 4, 2, 5, 2, 4, 0, 5, 1, 1, 5, 4, 0, 0, 0, 0], "tags": ["70s", "Gibraltar", "Lyon", "hardware"], "user_name": "hackerz123", "votes": 36}
{"name": "Shutter Island", "created_date": "2018-04-01 20:17:59.000Z", "avg_rating": 2, "description": "most expensive film of all the time", "followers": ["Hanswurst", "magus", "pop_vii", "sevelantis"], "ratings": [1, 5, 5, 4, 4, 5, 2, 2, 4, 5, 3, 0, 3, 5, 4, 3, 3, 1, 0, 4, 3, 4, 0, 2, 0, 5, 1, 5, 3, 5, 5, 1, 3, 1, 0, 3], "tags": ["Berlin", "cat"], "user_name": "bestactor", "votes": 36}
{"name": "Titanic", "created_date": "2018-11-03 09:37:32.000Z", "avg_rating": 2, "description": "worth an oscar", "followers": ["Jedi", "earth_planet", "programmer99"], "ratings": [1, 3, 3, 5, 0, 2, 4, 1, 1, 4, 2, 5, 1, 2, 3, 2, 4, 1, 2, 2, 3, 0, 3, 2, 0, 4, 4, 1, 1, 3, 3, 4, 2], "tags": ["2022", "covid", "dancing"], "user_name": "whats_poppin", "votes": 33}
{"name": "American Sniper", "created_date": "2021-08-21 22:36:38.000Z", "avg_rating": 3, "description": "Super action paired with super action", "followers": ["chupa_chups", "not_your_name", "super_user"], "ratings": [4, 0, 1, 3, 5, 5, 3, 3, 3, 4, 5, 1, 1, 4, 5], "tags": ["70s", "funny"], "user_name": "crazymovies", "votes": 15}
{"name": "Tenet", "created_date": "2018-07-24 18:47:57.000Z", "avg_rating": 2, "description": "Super action paired with super action", "followers": ["Master123", "powerrade"], "ratings": [3, 3, 1, 1, 2, 1, 3, 4, 3, 5, 2, 4, 2, 0, 5, 3, 0, 4, 0, 5, 2, 0, 2, 4, 2, 1, 3, 4, 2, 5, 4, 0, 5, 0, 0, 5, 1, 2, 5, 4, 3, 3, 4, 3, 2, 5, 4], "tags": ["Aveiro", "Barcelona", "funny", "singing", "sport"], "user_name": "myname", "votes": 47}
{"name": "Black Hawk Down", "created_date": "2021-08-23 06:39:57.000Z", "avg_rating": 2, "description": "worth an oscar", "followers": ["Jedi", "The_Rock", "pop_vii"], "ratings": [1, 4, 2, 1, 1, 1, 4, 4, 0, 4, 2, 4, 4, 3, 3, 2, 4, 2, 5, 4, 4, 0, 3, 0, 0, 0, 3, 5, 0, 3, 3, 1, 1, 2, 3, 3, 1, 0, 5, 2, 0, 4, 3, 5, 1, 0, 1], "tags": ["Aveiro", "Lyon", "covid"], "user_name": "powerrade", "votes": 47}
{"name": "How I met your mother", "created_date": "2021-10-25 03:02:48.000Z", "avg_rating": 2, "description": "bettern than the book", "followers": ["Master123", "Sith66", "chocolatee", "justwatchin", "powerrade"], "ratings": [4, 2, 4, 1, 1, 0, 5, 4, 3, 1, 3, 1, 5, 5, 2, 1, 2, 1, 0], "tags": ["Lisboa", "Lyon"], "user_name": "snickers", "votes": 19}
{"name": "Pirates of the Caribbean", "created_date": "2020-01-04 18:06:46.000Z", "avg_rating": 2, "description": "Mother with child with cancer", "followers": ["Sith66", "Snape", "powerrade", "programmer99"], "ratings": [0, 0, 4, 2, 0, 1, 2, 1, 4, 5, 1, 0, 2, 0, 2, 4, 5, 5, 5, 5, 3, 5, 4, 3, 0, 5, 5, 4, 1, 3, 0, 3, 2, 0, 3, 3, 4, 2], "tags": ["30s", "covid"], "user_name": "The_Rock", "votes": 38}
{"name": "Crazy scooter action", "created_date": "2018-08-26 01:57:39.000Z", "avg_rating": 2, "description": "worth an oscar", "followers": ["Dumbledore", "Sith66", "hackerz123", "i_like_trains", "popcorn420"], "ratings": [5, 2, 1, 1, 2, 4, 2, 1, 0, 2, 5, 4, 1, 5, 1, 2, 5, 4, 0, 4, 5, 2, 0, 2, 5, 3, 2, 3, 5, 5, 2, 5, 5, 1, 1, 5, 5, 2, 5, 5, 1, 2, 1, 5, 1, 0, 1, 3, 4], "tags": ["30s", "Aveiro", "covid", "macbook"], "user_name": "bestactor", "votes": 49}
{"name": "Avengers", "created_date": "2018-12-04 05:58:24.000Z", "avg_rating": 3, "description": "The best actors in one film", "followers": ["pop_vii", "whats_poppin"], "ratings": [5, 5, 0, 2, 5, 4, 2, 3, 5, 2, 5, 5, 4, 1, 0, 0], "tags": ["50s", "60s", "Lyon"], "user_name": "crazymovies", "votes": 16}
{"name": "Pulp Fiction", "created_date": "2018-08-12 18:35:30.000Z", "avg_rating": 2, "description": "Mother with child with cancer", "followers": ["The_Rock", "chocolatee", "film_star", "justwatchin", "not_your_name"], "ratings": [3, 5, 4, 2, 5, 0, 0, 3, 2, 3, 4, 0, 1, 1, 4, 0, 1, 2, 0, 5, 3, 1, 4, 3, 1, 3, 2, 1, 4, 5, 4, 3, 0, 3, 3, 3, 3, 5, 1, 0, 3, 2, 1, 2, 2, 0, 1, 0, 3, 5], "tags": ["Madrid", "funny"], "user_name": "The_Rock", "votes": 50}
{"name": "True Man Show", "created_date": "2019-10-25 10:55:27.000Z", "avg_rating": 2, "description": "best fantasie film", "followers": ["Snape", "hackerz123", "programmer99", "sevelantis", "super_user"], "ratings": [5, 5, 5, 0, 2, 2, 3, 3, 5, 1, 4, 4, 2, 2, 2, 2, 2, 3, 3, 0, 0, 5, 0, 3, 5, 2, 0, 2, 4, 0, 4, 5, 4, 3, 5, 4, 2, 0, 0, 5, 4, 5, 4, 3, 3, 2, 2, 0, 1, 4, 5, 0, 0, 0, 1, 4, 2], "tags": ["90s", "Barcelona", "London"], "user_name": "Jedi", "votes": 57}