{"video_name": "Super movie 420", "created_date": "2021-07-05 13:12:08.000Z", "content": "Impossible !!!", "user_name": "i_like_trains"}
{"video_name": "Super movie 420", "created_date": "2020-05-13 16:23:27.000Z", "content": "Very bad", "user_name": "programmer99"}
{"video_name": "Super movie 420", "created_date": "2018-08-22 12:57:39.000Z", "content": "I recommend", "user_name": "chupa_chups"}
{"video_name": "Mr. Robot", "created_date": "2022-04-09 17:30:48.000Z", "content": "Stunning", "user_name": "justwatchin"}
{"video_name": "Avatar", "created_date": "2018-02-13 17:51:29.000Z", "content": "Uhhhhhhhh", "user_name": "chikita"}
{"video_name": "Saw", "created_date": "2022-09-26 22:45:12.000Z", "content": "I love it", "user_name": "Sith66"}
{"video_name": "Interstellar", "created_date": "2022-02-23 21:30:08.000Z", "content": "amazing", "user_name": "film_star"}
{"video_name": "Interstellar", "created_date": "2021-06-20 16:11:12.000Z", "content": "amazing", "user_name": "whats_poppin"}
{"video_name": "Matrix", "created_date": "2020-08-24 07:59:42.000Z", "content": "I love it", "user_name": "chikita"}
{"video_name": "Matrix", "created_date": "2018-05-26 13:14:25.000Z", "content": "yeah", "user_name": "pop_vii"}
{"video_name": "Stranger Things", "created_date": "2019-06-25 09:54:21.000Z", "content": "amazing", "user_name": "justwatchin"}
{"video_name": "Grand Budapest Hotel", "created_date": "2018-06-22 05:45:04.000Z", "content": "Well done!", "user_name": "crazymovies"}
{"video_name": "Jack Ass", "created_date": "2020-02-13 09:23:55.000Z", "content": "Uhhhhhhhh", "user_name": "film_star"}
{"video_name": "stunning movie", "created_date": "2020-03-15 09:34:23.000Z", "content": "no way", "user_name": "magus"}
{"video_name": "stunning movie", "created_date": "2018-09-13 15:17:14.000Z", "content": "Uhhhhhhhh", "user_name": "programmer99"}
{"video_name": "House of cards", "created_date": "2020-05-21 12:17:32.000Z", "content": "wow", "user_name": "Master123"}
{"video_name": "House of cards", "created_date": "2018-03-14 00:30:44.000Z", "content": "so bad", "user_name": "bestactor"}
{"video_name": "Money Heist", "created_date": "2022-12-04 15:43:01.000Z", "content": "no way", "user_name": "i_like_trains"}
{"video_name": "Money Heist", "created_date": "2021-04-04 16:18:45.000Z", "content": "amazing", "user_name": "not_your_name"}
{"video_name": "Baywatch", "created_date": "2021-02-16 23:48:25.000Z", "content": "yeah", "user_name": "Hanswurst"}
{"video_name": "Baywatch", "created_date": "2020-07-13 22:13:14.000Z", "content": "amazing", "user_name": "chikita"}
{"video_name": "Shutter Island", "created_date": "2022-12-19 20:13:08.000Z", "content": "Stunning", "user_name": "The_Rock"}
{"video_name": "Shutter Island", "created_date": "2018-06-16 09:54:10.000Z", "content": "Craaaaaap", "user_name": "not_your_name"}
{"video_name": "Titanic", "created_date": "2021-03-22 11:30:06.000Z", "content": "no way", "user_name": "whats_poppin"}
{"video_name": "Tenet", "created_date": "2021-05-22 16:09:37.000Z", "content": "Impossible !!!", "user_name": "earth_planet"}
{"video_name": "How I met your mother", "created_date": "2019-01-15 15:51:59.000Z", "content": "Superb", "user_name": "chocolatee"}
{"video_name": "Pirates of the Caribbean", "created_date": "2020-02-25 20:04:09.000Z", "content": "I recommend", "user_name": "Jedi"}
{"video_name": "Avengers", "created_date": "2022-05-05 23:57:21.000Z", "content": "no way", "user_name": "earth_planet"}
{"video_name": "Avengers", "created_date": "2019-09-07 07:33:54.000Z", "content": "Total crazy", "user_name": "earth_planet"}
{"video_name": "Pulp Fiction", "created_date": "2022-01-01 12:27:44.000Z", "content": "I recommend", "user_name": "Yoda"}
