{"username": "chupa_chups", "created_date": "2018-02-10 01:58:22.000Z", "email": "chupa_chups@gmail.com", "name": "Peter"}
{"username": "bestactor", "created_date": "2019-08-08 19:16:23.000Z", "email": "bestactor@gmail.com", "name": "Peter"}
{"username": "myname", "created_date": "2018-12-18 20:22:06.000Z", "email": "myname@gmail.com", "name": "Hannah"}
{"username": "film_star", "created_date": "2020-08-17 17:36:33.000Z", "email": "film_star@gmail.com", "name": "Hannah"}
{"username": "justwatchin", "created_date": "2019-03-24 23:54:30.000Z", "email": "justwatchin@gmail.com", "name": "Emil"}
{"username": "Yoda", "created_date": "2020-11-07 03:19:18.000Z", "email": "Yoda@gmail.com", "name": "Zuzanna"}
{"username": "super_user", "created_date": "2021-03-08 12:55:31.000Z", "email": "super_user@gmail.com", "name": "Euler"}
{"username": "snickers", "created_date": "2019-01-27 16:30:02.000Z", "email": "snickers@gmail.com", "name": "Emil"}
{"username": "Snape", "created_date": "2021-10-27 03:51:34.000Z", "email": "Snape@gmail.com", "name": "Emil"}
{"username": "crazymovies", "created_date": "2021-05-04 17:38:52.000Z", "email": "crazymovies@gmail.com", "name": "Staszek"}
{"username": "i_like_trains", "created_date": "2019-11-09 17:43:00.000Z", "email": "i_like_trains@gmail.com", "name": "Euler"}
{"username": "Hanswurst", "created_date": "2020-07-22 10:36:51.000Z", "email": "Hanswurst@gmail.com", "name": "Maya"}
{"username": "hackerz123", "created_date": "2021-06-01 03:34:56.000Z", "email": "hackerz123@gmail.com", "name": "Albert"}
{"username": "Master123", "created_date": "2020-04-18 16:12:16.000Z", "email": "Master123@gmail.com", "name": "Maya"}
{"username": "sevelantis", "created_date": "2022-05-04 00:01:15.000Z", "email": "sevelantis@gmail.com", "name": "Peter"}
{"username": "Jedi", "created_date": "2022-08-21 20:31:43.000Z", "email": "Jedi@gmail.com", "name": "Zofia"}
{"username": "chocolatee", "created_date": "2019-11-06 14:41:17.000Z", "email": "chocolatee@gmail.com", "name": "Hans"}
{"username": "The_Rock", "created_date": "2021-12-18 22:14:16.000Z", "email": "The_Rock@gmail.com", "name": "Moritz"}
{"username": "late_or_never", "created_date": "2022-02-18 14:01:02.000Z", "email": "late_or_never@gmail.com", "name": "Albert"}
{"username": "pop_vii", "created_date": "2018-02-26 02:21:16.000Z", "email": "pop_vii@gmail.com", "name": "David"}
{"username": "Dumbledore", "created_date": "2021-09-13 21:21:47.000Z", "email": "Dumbledore@gmail.com", "name": "Maya"}
{"username": "chikita", "created_date": "2020-05-15 17:42:28.000Z", "email": "chikita@gmail.com", "name": "Maya"}
{"username": "powerrade", "created_date": "2019-01-13 20:10:27.000Z", "email": "powerrade@gmail.com", "name": "Bob"}
{"username": "whats_poppin", "created_date": "2019-12-15 03:07:40.000Z", "email": "whats_poppin@gmail.com", "name": "Maya"}
{"username": "not_your_name", "created_date": "2020-11-15 11:24:48.000Z", "email": "not_your_name@gmail.com", "name": "Carl"}
{"username": "popcorn420", "created_date": "2022-10-19 13:23:08.000Z", "email": "popcorn420@gmail.com", "name": "Stephen"}
{"username": "programmer99", "created_date": "2020-12-10 17:11:59.000Z", "email": "programmer99@gmail.com", "name": "Maya"}
{"username": "magus", "created_date": "2018-08-22 20:33:49.000Z", "email": "magus@gmail.com", "name": "Wilhelm"}
{"username": "Sith66", "created_date": "2020-12-01 16:44:54.000Z", "email": "Sith66@gmail.com", "name": "Pablo"}
{"username": "earth_planet", "created_date": "2019-08-26 23:09:48.000Z", "email": "earth_planet@gmail.com", "name": "Maya"}