{"avg_rating": 2, "votes": 5, "ratings": [5, 1, 0, 3, 3], "video_name": "The Crown"}
{"avg_rating": 2, "votes": 9, "ratings": [3, 5, 5, 1, 3, 0, 4, 0, 2], "video_name": "Interstellar"}
{"avg_rating": 2, "votes": 16, "ratings": [2, 3, 4, 1, 4, 2, 3, 1, 0, 5, 3, 5, 4, 5, 2, 3], "video_name": "Stranger Things"}
{"avg_rating": 2, "votes": 19, "ratings": [4, 2, 4, 1, 1, 0, 5, 4, 3, 1, 3, 1, 5, 5, 2, 1, 2, 1, 0], "video_name": "How I met your mother"}
{"avg_rating": 2, "votes": 26, "ratings": [1, 2, 2, 3, 3, 5, 1, 4, 4, 1, 5, 3, 4, 2, 5, 5, 2, 0, 5, 2, 1, 4, 2, 3, 1, 4], "video_name": "Yesterday"}
{"avg_rating": 2, "votes": 27, "ratings": [0, 2, 5, 3, 0, 4, 1, 0, 1, 4, 4, 4, 1, 0, 5, 2, 0, 5, 2, 1, 3, 1, 4, 5, 0, 2, 2], "video_name": "House of cards"}
{"avg_rating": 2, "votes": 30, "ratings": [2, 5, 0, 0, 1, 0, 1, 2, 4, 5, 4, 4, 1, 0, 0, 3, 0, 4, 4, 4, 4, 1, 2, 2, 3, 3, 4, 5, 3, 1], "video_name": "2012"}
{"avg_rating": 2, "votes": 33, "ratings": [1, 3, 3, 5, 0, 2, 4, 1, 1, 4, 2, 5, 1, 2, 3, 2, 4, 1, 2, 2, 3, 0, 3, 2, 0, 4, 4, 1, 1, 3, 3, 4, 2], "video_name": "Titanic"}
{"avg_rating": 2, "votes": 36, "ratings": [1, 1, 1, 3, 4, 4, 4, 2, 1, 5, 2, 5, 1, 1, 2, 2, 1, 3, 2, 1, 1, 4, 2, 5, 2, 4, 0, 5, 1, 1, 5, 4, 0, 0, 0, 0], "video_name": "Baywatch"}
{"avg_rating": 2, "votes": 38, "ratings": [0, 0, 4, 2, 0, 1, 2, 1, 4, 5, 1, 0, 2, 0, 2, 4, 5, 5, 5, 5, 3, 5, 4, 3, 0, 5, 5, 4, 1, 3, 0, 3, 2, 0, 3, 3, 4, 2], "video_name": "Pirates of the Caribbean"}
{"avg_rating": 2, "votes": 44, "ratings": [5, 2, 3, 0, 0, 4, 5, 0, 5, 2, 1, 2, 5, 5, 1, 0, 0, 1, 2, 0, 5, 1, 2, 1, 1, 4, 0, 2, 0, 3, 0, 3, 4, 0, 5, 1, 3, 0, 5, 1, 4, 0, 0, 0], "video_name": "Jack Ass"}
{"avg_rating": 2, "votes": 47, "ratings": [3, 3, 1, 1, 2, 1, 3, 4, 3, 5, 2, 4, 2, 0, 5, 3, 0, 4, 0, 5, 2, 0, 2, 4, 2, 1, 3, 4, 2, 5, 4, 0, 5, 0, 0, 5, 1, 2, 5, 4, 3, 3, 4, 3, 2, 5, 4], "video_name": "Tenet"}
{"avg_rating": 2, "votes": 49, "ratings": [5, 2, 1, 1, 2, 4, 2, 1, 0, 2, 5, 4, 1, 5, 1, 2, 5, 4, 0, 4, 5, 2, 0, 2, 5, 3, 2, 3, 5, 5, 2, 5, 5, 1, 1, 5, 5, 2, 5, 5, 1, 2, 1, 5, 1, 0, 1, 3, 4], "video_name": "Crazy scooter action"}
{"avg_rating": 2, "votes": 50, "ratings": [3, 5, 0, 1, 1, 4, 4, 4, 0, 3, 3, 1, 4, 4, 3, 4, 0, 4, 4, 1, 2, 5, 1, 0, 0, 0, 0, 2, 5, 1, 3, 1, 2, 3, 4, 3, 4, 4, 2, 4, 3, 1, 4, 5, 4, 2, 2, 4, 5, 3], "video_name": "Mr. Robot"}
{"avg_rating": 2, "votes": 53, "ratings": [2, 2, 3, 1, 0, 0, 0, 2, 2, 2, 4, 0, 0, 5, 3, 4, 4, 4, 1, 0, 0, 2, 2, 5, 5, 5, 5, 5, 5, 2, 5, 5, 1, 4, 0, 3, 5, 5, 2, 1, 0, 5, 0, 4, 5, 4, 1, 4, 2, 0, 5, 0, 1], "video_name": "Once upon a time in Hollywood"}
{"avg_rating": 2, "votes": 54, "ratings": [5, 2, 1, 3, 4, 5, 2, 5, 1, 4, 2, 4, 3, 2, 3, 5, 5, 4, 2, 2, 0, 4, 4, 2, 5, 2, 2, 3, 0, 5, 2, 1, 2, 1, 0, 1, 2, 3, 0, 3, 5, 4, 1, 2, 2, 4, 1, 4, 4, 5, 3, 3, 0, 0], "video_name": "Friends"}
{"avg_rating": 2, "votes": 57, "ratings": [5, 5, 5, 0, 2, 2, 3, 3, 5, 1, 4, 4, 2, 2, 2, 2, 2, 3, 3, 0, 0, 5, 0, 3, 5, 2, 0, 2, 4, 0, 4, 5, 4, 3, 5, 4, 2, 0, 0, 5, 4, 5, 4, 3, 3, 2, 2, 0, 1, 4, 5, 0, 0, 0, 1, 4, 2], "video_name": "True Man Show"}
{"avg_rating": 2, "votes": 58, "ratings": [4, 3, 2, 3, 4, 0, 4, 3, 5, 4, 4, 4, 5, 4, 3, 3, 1, 3, 3, 4, 5, 4, 4, 1, 4, 1, 1, 5, 0, 0, 5, 2, 3, 1, 1, 2, 2, 1, 1, 2, 3, 1, 3, 2, 4, 4, 4, 5, 3, 4, 0, 2, 5, 5, 2, 3, 2, 0], "video_name": "Super movie 420"}
{"avg_rating": 2, "votes": 60, "ratings": [3, 4, 3, 1, 5, 1, 5, 1, 4, 5, 0, 5, 2, 4, 2, 3, 5, 0, 1, 5, 3, 1, 4, 1, 5, 5, 4, 5, 3, 0, 3, 2, 0, 2, 4, 1, 3, 5, 3, 2, 5, 3, 4, 4, 2, 1, 4, 2, 1, 1, 3, 2, 5, 1, 4, 2, 3, 0, 3, 0], "video_name": "Matrix"}
{"avg_rating": 3, "votes": 6, "ratings": [4, 4, 4, 0, 4, 5], "video_name": "Harry Potter and the ordem of the phoenix"}
{"avg_rating": 3, "votes": 13, "ratings": [3, 4, 0, 5, 3, 3, 2, 5, 2, 4, 5, 5, 5], "video_name": "Money Heist"}
{"avg_rating": 3, "votes": 15, "ratings": [4, 0, 1, 3, 5, 5, 3, 3, 3, 4, 5, 1, 1, 4, 5], "video_name": "American Sniper"}
{"avg_rating": 3, "votes": 16, "ratings": [5, 5, 0, 2, 5, 4, 2, 3, 5, 2, 5, 5, 4, 1, 0, 0], "video_name": "Avengers"}
